<?xml version="1.0" encoding="UTF-8"?>
<project-private xmlns="http://www.netbeans.org/ns/project-private/1">
    <editor-bookmarks xmlns="http://www.netbeans.org/ns/editor-bookmarks/2" lastBookmarkId="0"/>
    <open-files xmlns="http://www.netbeans.org/ns/projectui-open-files/2">
        <group>
            <file>file:/C:/Users/nicolas/Documents/NetBeansProjects/jogo-da-velha-redes-2-novo/src/jogodavelhaonline/FXMLDocumentController.java</file>
            <file>file:/C:/Users/nicolas/Documents/NetBeansProjects/jogo-da-velha-redes-2-novo/src/jogodavelhaonline/TCPCliente.java</file>
            <file>file:/C:/Users/nicolas/Documents/NetBeansProjects/jogo-da-velha-redes-2-novo/src/jogodavelhaonline/TCPServer.java</file>
            <file>file:/C:/Users/nicolas/Documents/NetBeansProjects/jogo-da-velha-redes-2-novo/src/jogodavelhaonline/JogoDaVelhaOnline.java</file>
            <file>file:/C:/Users/nicolas/Documents/NetBeansProjects/jogo-da-velha-redes-2-novo/src/jogodavelhaonline/FXMLDocument.fxml</file>
            <file>file:/C:/Users/nicolas/Documents/NetBeansProjects/jogo-da-velha-redes-2-novo/src/jogodavelhaonline/Tabuleiro.java</file>
        </group>
    </open-files>
</project-private>
